{
  "accepted": false,
  "new_metrics": {
    "average_reward": -1.0,
    "average_score": -1.25,
    "average_turns": 16.666666666666668,
    "episodes": 3,
    "invalid_move_rate": 0.3333333333333333,
    "success_rate": 0.0,
    "truncation_rate": 0.0
  },
  "new_score": -1.25,
  "old_metrics": {
    "average_reward": -0.6666666666666666,
    "average_score": -0.9166666666666666,
    "average_turns": 16.666666666666668,
    "episodes": 3,
    "invalid_move_rate": 0.3333333333333333,
    "success_rate": 0.0,
    "truncation_rate": 0.0
  },
  "old_score": -0.9166666666666666
}
