{
  "candidate_values": {},
  "env_baselines": {
    "Bandit-v0": 0.09261970232433202,
    "Blackjack-v0": 0.17500000000000002,
    "ConnectFour-v0": 0.15500000000000003,
    "FrozenLake-v0": 0.485,
    "GuessTheNumber-v0": 1.475,
    "LightsOut-v0": -0.1,
    "Mastermind-v0": -0.025,
    "Nim-v0": 0.18999999999999995,
    "ReverseTicTacToe-v0": -0.045,
    "TowerOfHanoi-v0": -0.075
  },
  "global_baseline": 0.2021245924864871
}
