{
  "candidate_values": {},
  "env_baselines": {
    "GuessTheNumber-v0": 1.49,
    "Nim-v0": 0.18999999999999995
  },
  "global_baseline": 0.6233333333333333
}
